product_code;price_gross;vat;currency;stock;name
10580975878477;430.92;20;GBP;1;Alvarez AJ80CE12 Jumbo 12-String Electro-Acoustic Guitar - in Natural (Pre-Owned)
10600904425805;74.52;20;GBP;1;Axus AXP2 61 Note Touch Sensitive Electronic Keyboard (Pre-Owned)
10580976238925;754.92;20;GBP;1;Camps M7 Flamenco Acoustic Guitar - in Natural (Pre-Owned)
10580927185229;1078.92;20;GBP;1;Casio Celviano AP-550 Digital Piano, White (Ex-Display) (B-Stock)
10580951007565;592.92;20;GBP;1;Casio Celviano AP-S200WE Digital Piano, White (Ex-Display) (B-Stock)
10580928233805;916.92;20;GBP;1;Casio Celviano AP-S450 Digital Piano, Black (Ex-Display) (B-Stock)
10580968669517;916.92;20;GBP;1;Casio Celviano AP-S450 Digital Piano, Rosewood (Ex-Display) (B-Stock)
10580962705741;916.92;20;GBP;1;Casio Celviano AP-S450 Digital Piano, White (Ex-Display) (B-Stock)
10580976828749;236.52;20;GBP;1;Casio CT-S1000V Electronic Keyboard - in Black (Pre-Owned)
10580974731597;376.92;20;GBP;1;Danelectro '57 Single Cut MIK Limo, Black (Pre-Owned)
10580976042317;1078.92;20;GBP;1;Duesenberg Starplayer Special Electric Guitar - in Black (Pre-Owned)
10580982006093;106.92;20;GBP;1;EastCoast MT1 Strat, Rosewood, Black (Pre-Owned)
10580989083981;1024.92;20;GBP;1;Eastman SB55DC TV Vintage Red (Pre-Owned)
10580975812941;1186.92;20;GBP;1;Endorphin.es Shuttle Tone Generating Eurorack Modular Synthesiser - in Gold (Pre-Owned)
10580973879629;322.92;20;GBP;1;Epiphone Dot Semi-Hollow Electric Guitar - in Vintage Sunburst (Pre-owned) (Pre-Owned)
10726018548045;376.92;20;GBP;1;Epiphone Inspired by Gibson SG Standard, Ebony (Pre-Owned)
10580977189197;160.92;20;GBP;1;Epiphone J-15 EC Acoustic Guitar - in Natural (Pre-Owned)
10580981350733;1132.92;20;GBP;1;"Epiphone Kirk Hammett ""Greeny"" 1959 Les Paul Standard, Greeny Burst (B-Stock)"
10580981023053;1078.92;20;GBP;1;Fender American Performer Tele, Penny (Pre-Owned)
10580975911245;1132.92;20;GBP;1;Fender American Standard Stratocaster 1989 Left-Handed Electric Guitar - in Black (Pre-Owned)
10580970602829;916.92;20;GBP;1;Fender Classic Series 72 Tele Deluxe in Walnut (Pre-Owned)
10580977025357;1132.92;20;GBP;1;Fender John 5 Signature Telecaster, Rosewood, Black (Pre-Owned)
10580956021069;754.92;20;GBP;1;Fender Player II Telecaster, Maple Fingerboard, Butterscotch Blonde (B-Stock)
10580975583565;1618.92;20;GBP;1;Fender Strat Plus 1993 Electric Guitar - in Lipstick Red (Pre-Owned)
10580982366541;1024.92;20;GBP;1;Fender USA Select Kingman V Acoustic Guitar, Sunburst (Pre-Owned)
10580980859213;2050.92;20;GBP;1;Fender Yngwie Malmsteen Stratocaster, Scalloped Maple Fingerboard, Vintage White (B-Stock)
10621460644173;106.92;20;GBP;1;Freshman RENDN Renegade Acoustic Guitar (Pre-Owned)
10580973093197;1618.92;20;GBP;1;Gibson Les Paul Robot Guitar, Blue Silverburst (Pre-Owned)
10667660575053;2266.92;20;GBP;1;Gibson Les Paul Std 50s Tobacco Burst (Pre-Owned)
10580984594765;1294.92;20;GBP;1;Gibson LG-0 Acoustic Guitar (Pre-Owned)
10580975026509;322.92;20;GBP;1;Godin SD, Sunshine Yellow (Pre-Owned)
10580976795981;646.92;20;GBP;1;Gretsch G5422T Electromatic, Hollow Body Double-Cut with Bigsby - in Orange Stain (Pre-Owned)
10580975321421;1078.92;20;GBP;1;Guild F30RCE Standard, Natural (Pre-Owned)
10580976304461;484.92;20;GBP;1;Hofner Contemporary Series Verythin Standard - in Antique Sunburst (Pre-Owned)
10580984791373;128.52;20;GBP;1;Hofner HCT-SH Shorty, Blue (Pre-Owned)
10709695332685;268.92;20;GBP;1;Hohner Professional L75 LP-Style Electric Guitar c.1987 Korea (Pre-Owned)
10697642312013;646.92;20;GBP;1;Ibanez 684-12 12-String Acoustic (Pre-Owned)
10708709736781;1024.92;20;GBP;1;Ibanez JSM20-BKL John Schofield, Black (B-Stock)
10580973060429;754.92;20;GBP;1;Ibanez RG1127PBFX Premium Electric Guitar - in Caribbean Islet Flat (Pre-Owned)
10657831420237;430.92;20;GBP;1;Ibanez Roadstar II RS440 Red (Pre-Owned)
10580905492813;290.52;20;GBP;1;Jackson JS Series Dinky Arch Top JS32Q DKA HT, Transparent Green Burst (B-Stock)
10580914831693;150.12;20;GBP;1;Jackson JS Series Dinky JS11, Gloss Black (B-Stock)
10580906180941;290.52;20;GBP;1;Jackson JS Series King V™ JS32T, Ferrari Red (B-Stock)
10580944322893;258.12;20;GBP;1;Jackson JS Series Warrior JS32, Amaranth Fingerboard, Black with White Bevels (B-Stock)
10580977287501;160.92;20;GBP;1;James Neligan DEV-DCFI, Deveron Series, Left-handed Dreadnought - in Natural (Pre-Owned)
10580975485261;2914.92;20;GBP;1;Jimmy Moon Double Cut Flame Top Electric Guitar - in Trans Ebony (Pre-Owned)
10580977353037;10798.92;20;GBP;1;Korg PS3100 Polyphonic Analogue Synthesiser (Pre-Owned)
10600904393037;214.92;20;GBP;1;Korg X5D Synthesiser (Pre-Owned)
10580982071629;538.92;20;GBP;1;Line 6 Variax Standard, White (Pre-Owned)
10580972175693;247.32;20;GBP;1;Ozark 3515 Resonator Guitar,Sunburst (Pre-Owned)
10621511958861;290.52;20;GBP;1;Ozark 3515E Resonator Black (Pre-Owned)
10580975649101;409.32;20;GBP;1;PRS SE Custom 22 Electric Guitar - in Vintage Sunburst (Pre-Owned)
10580976861517;463.32;20;GBP;1;PRS SE Singlecut Electric Guitar - in Cherry Red (Pre-Owned)
10674178687309;538.92;20;GBP;1;Quasimidi Technox Rack Synthesiser (Pre-Owned)
10580967129421;1024.92;20;GBP;1;Roland JD-XA Analogue/Digital Crossover Synthesiser (B-Stock)
10580975452493;139.32;20;GBP;1;Squier Mini Stratocaster Electric Guitar, Black (B-Stock)
10656961462605;322.92;20;GBP;1;Squier Paranormal Cabronita Telecaster Thinline 2-Color Sunburst (Pre-Owned)
10580965228877;150.12;20;GBP;1;Squier Sonic Mustang, Maple Fingerboard, 2-Colour Sunburst, B Stock (B-Stock)
10580969652557;150.12;20;GBP;1;Squier Sonic Stratocaster, Laurel Fingerboard, White Pickguard, Ultraviolet (B-Stock)
10719825592653;301.32;20;GBP;1;Squier Vintage Modified Precision Bass PJ, Lake Placid Blue (Pre-Owned)
10580987478349;2698.92;20;GBP;1;Status Series 3000 Headless Bass (Pre-Owned)
10580974305613;106.92;20;GBP;1;SX DG50CE+ Electric Acoustic Guitar - in Natural (Pre-Owned)
10580976632141;538.92;20;GBP;1;Tanglewood JSC-2 Hollow Body Electric Guitar - in Natural (Pre-Owned)
10580912701773;268.92;20;GBP;1;Tanglewood TUB5 5-String Banjo, Vintage Burst Gloss
10638996209997;646.92;20;GBP;1;Tanglewood TW70-TE Sundance Performance Pro  (Pre-Owned)
10580974043469;160.92;20;GBP;1;Tanglewood TWJF E Electro-Acoustic Guitar - in Natural Gloss (Pre-Owned)
10580904706381;278.64;20;GBP;1;Tanglewood TWMFVSE Electro Acoustic F Style Mandolin, Vintage Sunburst
10709629206861;646.92;20;GBP;1;Tokai Goldstar Sound MIJ S-Style Electric Guitar, Natural Refinish (Pre-Owned)
10697720922445;430.92;20;GBP;1;Tokai UES73 SR Electric Guitar (Pre-Owned)
10580987969869;247.32;20;GBP;1;Vintage V100 Boulevard Black (B-Stock)
10634163454285;193.32;20;GBP;1;Vintage V940FL Fretless Bass (Pre-Owned)
10613862662477;970.92;20;GBP;1;Warwick RB Adam Clayton Signature Bass with EMG Pickups, in Solid Creme White with Pearloid Pickguard (Pre-Owned)
10656950419789;538.92;20;GBP;1;Yamaha AEX502 Semi-Hollow Electric, Orange Stain (Pre-Owned)
10697825583437;214.92;20;GBP;1;Yamaha DX21 FM Synth (Pre-Owned)
10580976992589;236.52;20;GBP;1;Yamaha FG750S Dreadnought Acoustic Guitar - in Natural  (Pre-Owned)
10580975780173;484.92;20;GBP;1;Yamaha FS-TA TransAcoustic Guitar - in Brown Sunburst (Pre-Owned)
